TITLE,YEAR,PRODUCER,PICTURE,CHECK,LINK
22 of God,2002,Katia Lund,gif/1268007158_babelfish.png,false,http://www.google.com
Rain,undefined,Christine Jeffs,gif/BarChart.png,true,http://www.google.com
2001: A Space Odyssey,undefined,Stanley Kubrick,gif/ob_ok.png,true,http://www.google.com
This is a fake movie title,1957,Sidney Lumet,gif/ob_ok.png,undefined,http://www.google.com
Alien,1979,Ridley Scott,gif/ob_ok_standby.png,true,www.google.com
The Sequel to Dances With Wolves.,1982,Ridley Scott,gif/chartLine_x64.png,true,http://www.google.com
Rain2,undefined,Christine Jeffs,gif/BarChart.png,true,http://www.google.com
The Sequel2 to Dances With Wolves.,1982,Ridley Scott,gif/chartLine_x64.png,true,http://www.google.com
Rain3,undefined,Christine Jeffs,gif/BarChart.png,true,http://www.google.com
The Seque22 to Dances With Wolves.,1982,Ridley Scott,gif/chartLine_x64.png,true,http://www.google.com
