Title, Year, Producer, picture, check, link
City of God, 2002, Katia Lund, gif/1268007158_babelfish.png, false, http://www.google.com
Rain,, Christine Jeffs, gif/BarChart.png, true, http://www.google.com
2001: A Space Odyssey, , Stanley Kubrick, gif/ob_ok.png, true, http://www.google.com
This is a fake movie title, 1957, Sidney Lumet, gif/ob_ok.png, , http://www.google.com
Alien, 1979   , Ridley Scott, gif/ob_ok_standby.png, true, www.google.com
The Sequel to Dances With Wolves., 1982, Ridley Scott, gif/chartLine_x64.png, true, http://www.google.com
Rain2,, Christine Jeffs, gif/BarChart.png, true, http://www.google.com
The Sequel2 to Dances With Wolves., 1982, Ridley Scott, gif/chartLine_x64.png, true, http://www.google.com
Rain3,, Christine Jeffs, gif/BarChart.png, true, http://www.google.com
The Seque22 to Dances With Wolves., 1982, Ridley Scott, gif/chartLine_x64.png, true, http://www.google.com
Rain4,, Christine Jeffs, gif/BarChart.png, true, http://www.google.com
The Seque32 to Dances With Wolves., 1982, Ridley Scott, gif/chartLine_x64.png, true, http://www.google.com
The Seque42 to Dances With Wolves., 1982, Ridley Scott, gif/chartLine_x64.png, true, http://www.google.com
The Seque52 to Dances With Wolves., 1982, Ridley Scott, gif/chartLine_x64.png, true, http://www.google.com
2001: A Space Odyssey2, , Stanley Kubrick, gif/ob_ok.png, true, http://www.google.com
The Seque62 to Dances With Wolves., 1982, Ridley Scott, gif/chartLine_x64.png, true, http://www.google.com
The Sequel02 to Dances With Wolves., 1982, Ridley Scott, gif/chartLine_x64.png, true, http://www.google.com
The Sequel12 to Dances With Wolves., 1982, Ridley Scott, gif/chartLine_x64.png, true, http://www.google.com
The Sequel42 to Dances With Wolves., 1982, Ridley Scott, gif/chartLine_x64.png, true, http://www.google.com
